grid,cells,hidden,msg,params_per_cell,ticks_per_s,ms_per_tick,peak_gb,status
64,4096,8,4,768,873.8065991630094,1.1444179993122816,0.049346923828125,ok
64,4096,8,8,1056,899.358217277269,1.1119040008634329,0.068511962890625,ok
64,4096,8,16,1632,845.5343948982015,1.1826839996501803,0.104644775390625,ok
64,4096,16,4,1536,843.8932519211754,1.1849839985370636,0.086334228515625,ok
64,4096,16,8,2112,742.2483281943147,1.3472580024972558,0.121185302734375,ok
64,4096,16,16,3264,370.18363344172326,2.7013619989156723,0.189239501953125,ok
64,4096,32,4,3072,487.3356096395114,2.051973999477923,0.167633056640625,ok
64,4096,32,8,4224,295.4321463496511,3.38487199973315,0.233184814453125,ok
64,4096,32,16,6528,178.7260905156776,5.595153998583555,0.368194580078125,ok
64,4096,64,4,6144,179.44680856401095,5.5726819997653365,0.312744140625,ok
64,4096,64,8,8448,130.6101296102932,7.656373996287584,0.446563720703125,ok
64,4096,64,16,13056,85.30335749810945,11.7228680010885,0.714385986328125,ok
128,16384,8,4,768,474.43146489488504,2.1077860007062554,0.1767578125,ok
128,16384,8,8,1056,276.5108969499416,3.616494000889361,0.2459716796875,ok
128,16384,8,16,1632,172.45458754502798,5.798627999611199,0.386962890625,ok
128,16384,16,4,1536,175.907126620847,5.684818001464009,0.32177734375,ok
128,16384,16,8,2112,128.94211511289993,7.75541799608618,0.4593505859375,ok
128,16384,16,16,3264,83.7595998958908,11.938930000178516,0.733154296875,ok
128,16384,32,4,3072,88.97086864097501,11.239633997902274,0.623291015625,ok
128,16384,32,8,4224,65.06148700598993,15.37007600069046,0.893310546875,ok
128,16384,32,16,6528,42.700039655108,23.41918199788779,1.433349609375,ok
128,16384,64,4,6144,45.19421445243413,22.12672600056976,1.2271728515625,ok
128,16384,64,8,8448,33.785285860563505,29.598683998920023,1.762451171875,ok
128,16384,64,16,13056,21.993676643947726,45.46761399600655,2.83447265625,ok
192,36864,8,4,768,152.5248660341528,6.556308004073799,0.37799072265625,ok
192,36864,8,8,1056,111.68928932548074,8.953410000540316,0.537017822265625,ok
192,36864,8,16,1632,68.6937835903044,14.55735799856484,0.855712890625,ok
192,36864,16,4,1536,78.45005289573908,12.74696399923414,0.714874267578125,ok
192,36864,16,8,2112,58.6833383714308,17.040611999109387,1.023223876953125,ok
192,36864,16,16,3264,38.02242045115516,26.300272000953555,1.640045166015625,ok
192,36864,32,4,3072,40.70880874953174,24.564708000980318,1.39923095703125,ok
192,36864,32,8,4224,29.757000173613015,33.60553799662739,2.0057373046875,ok
192,36864,32,16,6528,19.339776393371498,51.706905998289585,3.220184326171875,ok
192,36864,64,4,6144,20.115270152411345,49.71347600221634,2.752655029296875,ok
192,36864,64,8,8448,14.655272095817164,68.23482999578118,3.9559326171875,ok
192,36864,64,16,13056,9.599117250034746,104.17624599765986,6.3668212890625,ok
256,65536,8,4,768,84.57745357065542,11.823482001200318,0.658935546875,ok
256,65536,8,8,1056,61.595933392375876,16.234837998636067,0.942138671875,ok
256,65536,8,16,1632,40.43080478452038,24.733615997247398,1.508544921875,ok
256,65536,16,4,1536,44.24628402212645,22.600767998956144,1.262451171875,ok
256,65536,16,8,2112,32.53445414930353,30.736646000295877,1.812255859375,ok
256,65536,16,16,3264,20.992145034648285,47.63686599675566,2.908935546875,ok
256,65536,32,4,3072,22.708925979701768,44.03554799966514,2.469482421875,ok
256,65536,32,8,4224,16.465334050746677,60.73365999851376,3.549560546875,ok
256,65536,32,16,6528,10.710488387250921,93.36642399895936,5.710693359375,ok
256,65536,64,4,6144,11.447536136211,87.35504200216383,4.8853759765625,ok
256,65536,64,8,8448,7.151404194686842,139.83267799951136,7.027099609375,ok
256,65536,64,16,13056,1.2970087057082036,771.0048480005935,11.311279296875,ok
